email,password
yuvraj@unisync.com,160694cf7279a22ec07131b07d6df328149690d1b85576e98671a906d94e5ea9
siddhika@unisync.com,f1af59f6109185893a98ebe35da39361282fc06983b4bd32b2f22b8752b79ba2
aaradhya@unisync.com,a20aff106fe011d5dd696e3b7105200ff74331eeb8e865bb80ebd82b12665a07
rohan@unisync.com,9302c5472470d71faa938c875008cca2901ed4f2c214e2cd9e626a7587678ee9
priya@unisync.com,50fd5ac9cefb372d02202d70118d220a27b7ed34b12db3ff64ac11763c899e28
amit@unisync.com,413700b41392fbcb9143216dfe4c9ec128036347e15a7a3dc5634cb60ee0234c
ananya@unisync.com,033fe9ffdaacf6bdfe19d73b5ecfbb3487441b5a2f0f790ad57bb618db95b5a4
karan@unisync.com,17498be70d5b3bc4b6c601d930c095343e16c6abf35e98811c8b1e898c1c1f55
diya@unisync.com,804510829bda0c8d271cdd3679d559f2e2fbb3c4cebfdf3bc1a6874f96f1f1d4
vikram@unisync.com,f0f3b321bdf08a09ba8d7db43772698dd1403fb70c816db9aaed1023e0c55cb7
