rater_id,rated_id,rating,review,timestamp
1,3,3,,2026-01-08 18:02:38
1,2,5,,2026-01-08 18:26:11
1,4,3,,2026-01-08 22:11:13
1,5,4,,2026-01-08 22:11:13
1,6,3,,2026-01-08 22:11:13
1,7,3,,2026-01-08 22:11:13
1,8,3,,2026-01-08 22:11:13
1,9,3,,2026-01-08 22:11:13
1,10,3,,2026-01-08 22:11:13
1,5,3,,2026-01-08 22:11:13
1,11,3,,2026-01-08 22:11:13
1,12,3,,2026-01-08 22:11:13
1,13,3,,2026-01-08 22:11:13
1,14,3,,2026-01-08 22:11:13
1,15,3,,2026-01-08 22:11:13
1,11,4,,2026-01-08 22:11:13
2,1,3,,2026-01-08 22:11:13
2,3,3,,2026-01-08 22:11:13
2,4,3,,2026-01-08 22:11:13
2,5,3,,2026-01-08 22:11:13
2,6,3,,2026-01-08 22:11:13
2,7,3,,2026-01-08 22:11:13
2,8,3,,2026-01-08 22:11:13
2,9,3,,2026-01-08 22:11:13
2,10,3,,2026-01-08 22:11:13
2,1,3,,2026-01-08 22:11:13
2,5,3,,2026-01-08 22:11:13
2,11,3,,2026-01-08 22:11:13
2,12,3,,2026-01-08 22:11:13
2,13,3,,2026-01-08 22:11:13
2,14,4,,2026-01-08 22:11:13
2,15,3,,2026-01-08 22:11:13
2,11,3,,2026-01-08 22:11:13
2,1,3,,2026-01-08 22:11:13
3,2,3,,2026-01-08 22:11:13
3,1,5,,2026-01-08 22:11:13
3,4,3,,2026-01-08 22:11:13
3,5,4,,2026-01-08 22:11:13
3,6,3,,2026-01-08 22:11:13
3,7,3,,2026-01-08 22:11:13
3,8,3,,2026-01-08 22:11:13
3,9,3,,2026-01-08 22:11:13
3,10,4,,2026-01-08 22:11:13
3,1,4,,2026-01-08 22:11:13
3,5,3,,2026-01-08 22:11:13
3,11,4,,2026-01-08 22:11:13
3,12,3,,2026-01-08 22:11:13
3,13,3,,2026-01-08 22:11:13
3,14,3,,2026-01-08 22:11:13
3,15,4,,2026-01-08 22:11:13
3,11,5,,2026-01-08 22:11:13
3,1,4,,2026-01-08 22:11:13
4,2,3,,2026-01-08 22:11:13
4,1,4,,2026-01-08 22:11:13
4,3,3,,2026-01-08 22:11:13
4,5,5,,2026-01-08 22:11:13
4,6,4,,2026-01-08 22:11:13
4,7,4,,2026-01-08 22:11:13
4,8,3,,2026-01-08 22:11:13
4,9,3,,2026-01-08 22:11:13
4,10,3,,2026-01-08 22:11:13
4,1,3,,2026-01-08 22:11:13
4,5,4,,2026-01-08 22:11:13
4,11,3,,2026-01-08 22:11:13
4,12,3,,2026-01-08 22:11:13
4,13,3,,2026-01-08 22:11:13
4,14,3,,2026-01-08 22:11:13
4,15,3,,2026-01-08 22:11:13
4,11,4,,2026-01-08 22:11:13
4,1,3,,2026-01-08 22:11:13
5,2,3,,2026-01-08 22:11:13
5,1,4,,2026-01-08 22:11:13
5,3,4,,2026-01-08 22:11:13
5,4,4,,2026-01-08 22:11:13
5,6,3,,2026-01-08 22:11:13
5,7,4,,2026-01-08 22:11:13
5,8,3,,2026-01-08 22:11:13
5,9,3,,2026-01-08 22:11:13
5,10,3,,2026-01-08 22:11:13
5,1,3,,2026-01-08 22:11:13
5,11,3,,2026-01-08 22:11:13
5,12,3,,2026-01-08 22:11:13
5,13,3,,2026-01-08 22:11:13
5,14,3,,2026-01-08 22:11:13
5,15,3,,2026-01-08 22:11:13
5,11,4,,2026-01-08 22:11:13
5,1,3,,2026-01-08 22:11:13
6,2,3,,2026-01-08 22:11:13
6,1,3,,2026-01-08 22:11:13
6,3,3,,2026-01-08 22:11:13
6,4,4,,2026-01-08 22:11:13
6,5,3,,2026-01-08 22:11:13
6,7,3,,2026-01-08 22:11:13
6,8,3,,2026-01-08 22:11:13
6,9,3,,2026-01-08 22:11:13
6,10,3,,2026-01-08 22:11:13
6,1,3,,2026-01-08 22:11:13
6,5,3,,2026-01-08 22:11:13
6,11,3,,2026-01-08 22:11:13
6,12,3,,2026-01-08 22:11:13
6,13,3,,2026-01-08 22:11:13
6,14,3,,2026-01-08 22:11:13
6,15,3,,2026-01-08 22:11:13
6,11,3,,2026-01-08 22:11:13
6,1,3,,2026-01-08 22:11:13
7,2,3,,2026-01-08 22:11:13
7,1,5,,2026-01-08 22:11:13
7,3,3,,2026-01-08 22:11:13
7,4,4,,2026-01-08 22:11:13
7,5,5,,2026-01-08 22:11:13
7,6,3,,2026-01-08 22:11:13
7,8,3,,2026-01-08 22:11:13
7,9,3,,2026-01-08 22:11:13
7,10,3,,2026-01-08 22:11:13
7,1,4,,2026-01-08 22:11:13
7,5,4,,2026-01-08 22:11:13
7,11,3,,2026-01-08 22:11:13
7,12,4,,2026-01-08 22:11:13
7,13,4,,2026-01-08 22:11:13
7,14,3,,2026-01-08 22:11:13
7,15,3,,2026-01-08 22:11:13
7,11,4,,2026-01-08 22:11:13
7,1,4,,2026-01-08 22:11:13
8,2,3,,2026-01-08 22:11:13
8,1,5,,2026-01-08 22:11:13
8,3,3,,2026-01-08 22:11:13
8,4,3,,2026-01-08 22:11:13
8,5,3,,2026-01-08 22:11:13
8,6,3,,2026-01-08 22:11:13
8,7,3,,2026-01-08 22:11:13
8,9,4,,2026-01-08 22:11:13
8,10,3,,2026-01-08 22:11:13
8,1,5,,2026-01-08 22:11:13
8,5,3,,2026-01-08 22:11:13
8,11,3,,2026-01-08 22:11:13
8,12,4,,2026-01-08 22:11:13
8,13,3,,2026-01-08 22:11:13
8,14,4,,2026-01-08 22:11:13
8,15,3,,2026-01-08 22:11:13
8,11,3,,2026-01-08 22:11:13
8,1,5,,2026-01-08 22:11:13
9,2,3,,2026-01-08 22:11:13
9,1,5,,2026-01-08 22:11:13
9,3,3,,2026-01-08 22:11:13
9,4,3,,2026-01-08 22:11:13
9,5,4,,2026-01-08 22:11:13
9,6,3,,2026-01-08 22:11:13
9,7,3,,2026-01-08 22:11:13
9,8,4,,2026-01-08 22:11:13
9,10,3,,2026-01-08 22:11:13
9,1,5,,2026-01-08 22:11:13
9,5,3,,2026-01-08 22:11:13
9,11,3,,2026-01-08 22:11:13
9,12,3,,2026-01-08 22:11:13
9,13,3,,2026-01-08 22:11:13
9,14,4,,2026-01-08 22:11:13
9,15,3,,2026-01-08 22:11:13
9,11,4,,2026-01-08 22:11:13
9,1,5,,2026-01-08 22:11:13
10,2,4,,2026-01-08 22:11:13
10,1,3,,2026-01-08 22:11:13
10,3,4,,2026-01-08 22:11:13
10,4,3,,2026-01-08 22:11:13
10,5,3,,2026-01-08 22:11:13
10,6,3,,2026-01-08 22:11:13
10,7,3,,2026-01-08 22:11:13
10,8,3,,2026-01-08 22:11:13
10,9,3,,2026-01-08 22:11:13
10,1,3,,2026-01-08 22:11:13
10,5,3,,2026-01-08 22:11:13
10,11,4,,2026-01-08 22:11:13
10,12,3,,2026-01-08 22:11:13
10,13,3,,2026-01-08 22:11:13
10,14,4,,2026-01-08 22:11:13
10,15,4,,2026-01-08 22:11:13
10,11,4,,2026-01-08 22:11:13
10,1,3,,2026-01-08 22:11:13
11,2,3,,2026-01-08 22:11:13
11,1,4,,2026-01-08 22:11:13
11,3,4,,2026-01-08 22:11:13
11,4,3,,2026-01-08 22:11:13
11,5,4,,2026-01-08 22:11:13
11,6,3,,2026-01-08 22:11:13
11,7,3,,2026-01-08 22:11:13
11,8,3,,2026-01-08 22:11:13
11,9,3,,2026-01-08 22:11:13
11,10,5,,2026-01-08 22:11:13
11,1,3,,2026-01-08 22:11:13
11,5,3,,2026-01-08 22:11:13
11,12,3,,2026-01-08 22:11:13
11,13,3,,2026-01-08 22:11:13
11,14,3,,2026-01-08 22:11:13
11,15,3,,2026-01-08 22:11:13
11,1,3,,2026-01-08 22:11:13
12,2,3,,2026-01-08 22:11:13
12,1,4,,2026-01-08 22:11:13
12,3,3,,2026-01-08 22:11:13
12,4,3,,2026-01-08 22:11:13
12,5,3,,2026-01-08 22:11:13
12,6,3,,2026-01-08 22:11:13
12,7,3,,2026-01-08 22:11:13
12,8,4,,2026-01-08 22:11:13
12,9,3,,2026-01-08 22:11:13
12,10,3,,2026-01-08 22:11:13
12,1,4,,2026-01-08 22:11:13
12,5,3,,2026-01-08 22:11:13
12,11,3,,2026-01-08 22:11:13
12,13,3,,2026-01-08 22:11:13
12,14,3,,2026-01-08 22:11:13
12,15,3,,2026-01-08 22:11:13
12,11,3,,2026-01-08 22:11:13
12,1,4,,2026-01-08 22:11:13
13,2,3,,2026-01-08 22:11:13
13,1,4,,2026-01-08 22:11:13
13,3,3,,2026-01-08 22:11:13
13,4,3,,2026-01-08 22:11:13
13,5,4,,2026-01-08 22:11:13
13,6,3,,2026-01-08 22:11:13
13,7,4,,2026-01-08 22:11:13
13,8,3,,2026-01-08 22:11:13
13,9,3,,2026-01-08 22:11:13
13,10,3,,2026-01-08 22:11:13
13,1,3,,2026-01-08 22:11:13
13,5,3,,2026-01-08 22:11:13
13,11,3,,2026-01-08 22:11:13
13,12,3,,2026-01-08 22:11:13
13,14,3,,2026-01-08 22:11:13
13,15,3,,2026-01-08 22:11:13
13,11,4,,2026-01-08 22:11:13
13,1,3,,2026-01-08 22:11:13
14,2,4,,2026-01-08 22:11:13
14,1,4,,2026-01-08 22:11:13
14,3,3,,2026-01-08 22:11:13
14,4,3,,2026-01-08 22:11:13
14,5,3,,2026-01-08 22:11:13
14,6,3,,2026-01-08 22:11:13
14,7,3,,2026-01-08 22:11:13
14,8,4,,2026-01-08 22:11:13
14,9,4,,2026-01-08 22:11:13
14,10,3,,2026-01-08 22:11:13
14,1,4,,2026-01-08 22:11:13
14,5,3,,2026-01-08 22:11:13
14,11,3,,2026-01-08 22:11:13
14,12,3,,2026-01-08 22:11:13
14,13,3,,2026-01-08 22:11:13
14,15,3,,2026-01-08 22:11:13
14,11,3,,2026-01-08 22:11:13
14,1,4,,2026-01-08 22:11:13
15,2,3,,2026-01-08 22:11:13
15,1,3,,2026-01-08 22:11:13
15,3,4,,2026-01-08 22:11:13
15,4,3,,2026-01-08 22:11:13
15,5,3,,2026-01-08 22:11:13
15,6,3,,2026-01-08 22:11:13
15,7,3,,2026-01-08 22:11:13
15,8,3,,2026-01-08 22:11:13
15,9,3,,2026-01-08 22:11:13
15,10,4,,2026-01-08 22:11:13
15,1,3,,2026-01-08 22:11:13
15,5,3,,2026-01-08 22:11:13
15,11,3,,2026-01-08 22:11:13
15,12,3,,2026-01-08 22:11:13
15,13,3,,2026-01-08 22:11:13
15,14,3,,2026-01-08 22:11:13
15,11,3,,2026-01-08 22:11:13
15,1,3,,2026-01-08 22:11:13
